{"name":"abbb20cb-9bbe-4e4a-b566-758223c4c63d","id":"/providers/Microsoft.Flow/flows/abbb20cb-9bbe-4e4a-b566-758223c4c63d","type":"Microsoft.Flow/flows","properties":{"apiId":"/providers/Microsoft.PowerApps/apis/shared_logicflows","displayName":"DSR Step 2: Email list item changes status to 'In Progress'","definition":{"metadata":{"workflowEntityId":null,"processAdvisorMetadata":null,"flowclientsuspensionreason":"None","flowclientsuspensiontime":null,"creator":{"id":"fe865f05-f413-4ea8-b04c-05a10538d837","type":"User","tenantId":"08de8628-593e-43f5-9ceb-f3e5dd7ae2cb"},"provisioningMethod":"FromDefinition","failureAlertSubscription":true,"clientLastModifiedTime":"2022-07-13T21:35:12.6402973Z"},"$schema":"https://schema.management.azure.com/providers/Microsoft.Logic/schemas/2016-06-01/workflowdefinition.json#","contentVersion":"1.0.0.0","parameters":{"$connections":{"defaultValue":{},"type":"Object"},"$authentication":{"defaultValue":{},"type":"SecureObject"}},"triggers":{"When_an_item_is_created_or_modified":{"recurrence":{"frequency":"Minute","interval":5},"splitOn":"@triggerBody()?['value']","metadata":{"flowSystemMetadata":{"swaggerOperationId":"GetOnUpdatedItems"},"operationMetadataId":"6e2aeaac-ea8b-4d5b-95b5-c07fa143cac8"},"type":"ApiConnection","inputs":{"host":{"connection":{"name":"@parameters('$connections')['shared_sharepointonline']['connectionId']"},"api":{"runtimeUrl":"https://flow-apim-msmanaged-na-northcentralus-01.azure-apim.net/apim/sharepointonline"}},"method":"get","path":"/datasets/@{encodeURIComponent(encodeURIComponent('https://mercycorpsorg.sharepoint.com/sites/DataProtectionAndPrivacy'))}/tables/@{encodeURIComponent(encodeURIComponent('6513abb2-518f-40c7-8e24-db4b2264710e'))}/onupdateditems","authentication":"@parameters('$authentication')"}}},"actions":{"Condition":{"actions":{"Send_an_email_(V2)":{"runAfter":{},"metadata":{"operationMetadataId":"659d8ce0-aa9c-4d6d-ace4-974cd3bd87d6","flowSystemMetadata":{"swaggerOperationId":"SendEmailV2"}},"type":"ApiConnection","inputs":{"host":{"connection":{"name":"@parameters('$connections')['shared_office365']['connectionId']"},"api":{"runtimeUrl":"https://flow-apim-msmanaged-na-eastus-01.azure-apim.net/apim/office365"}},"method":"post","body":{"To":"shroberts@mercycorps.org","Subject":"ACTION REQUIRED: New Data Subject Request","Body":"<p>You have a new data subject request from @{triggerBody()?['Title']}! The data subject has the following request:<br>\n------------------------<br>\n@{triggerBody()?['field_3']}<br>\n ------------------------<br>\nPlease check your system and comply with the request. Confirm that you have completed this request by updating your system's column in the <a href=\"https://mercycorpsorg.sharepoint.com/:li:/s/DataProtectionAndPrivacy/E6nkso7-KOtNuYBfmfUgJJgBe1ZzMepP16P2qVy0sGDC6A?e=yIshu3\"><strong>Test DSR List</strong></a><strong> </strong>.</p>","Importance":"High"},"path":"/v2/Mail","authentication":"@parameters('$authentication')"}},"Post_message_in_a_chat_or_channel":{"runAfter":{"Send_an_email_(V2)":["Succeeded"]},"metadata":{"operationMetadataId":"4f7ee5e3-2f5a-45ed-871e-191bc836b8ac","flowSystemMetadata":{"swaggerOperationId":"PostMessageToConversation"}},"type":"ApiConnection","inputs":{"host":{"connection":{"name":"@parameters('$connections')['shared_teams']['connectionId']"},"api":{"runtimeUrl":"https://flow-apim-msmanaged-na-westus-01.azure-apim.net/apim/teams"}},"method":"post","body":{"recipient":"shroberts@mercycorps.org;","messageBody":"<p>You have a new data subject request from @{triggerBody()?['Title']}! The data subject has the following request:<br>\n----------------------------<br>\n@{triggerBody()?['field_3']}<br>\n----------------------------<br>\nPlease check your system and comply with the request. Confirm that you have completed this request by updating your system's column in the Test DSR List&nbsp;</p>"},"path":"/beta/teams/conversation/message/poster/Flow bot/location/@{encodeURIComponent('Chat with Flow bot')}","authentication":"@parameters('$authentication')"}}},"runAfter":{},"else":{"actions":{"Terminate":{"runAfter":{},"metadata":{"operationMetadataId":"c19e5fe3-cb52-4981-a522-5449a92c3ad7"},"type":"Terminate","inputs":{"runStatus":"Cancelled"}}}},"expression":"@equals(triggerBody()?['field_4']?['Value'], 'In Progress')","metadata":{"operationMetadataId":"a13b022f-3a40-4725-8223-722fa94e6af4"},"type":"If"}},"outputs":{},"description":"This flow completes 2 actions when the Status column in the data subject request list is changed from \"New\" to \"In Progress: 1. Sends notification email to specified address (system owner) with data subject name, request, and link to data subject request list with instructions to update. 2. Sends the same notification information via a Teams chat."},"connectionReferences":{"shared_office365":{"connectionName":"shared-office365-6fcb989a-0cac-490d-8d87-276e6aa05c40","source":"Embedded","id":"/providers/Microsoft.PowerApps/apis/shared_office365","tier":"NotSpecified"},"shared_teams":{"connectionName":"shared-teams-c6433a0b-8577-4284-9dc2-9f3e930fb6b7","source":"Embedded","id":"/providers/Microsoft.PowerApps/apis/shared_teams","tier":"NotSpecified"},"shared_sharepointonline":{"connectionName":"shared-sharepointonl-9b803c7c-01f6-4e63-9ea9-b8244d8c3a3f","source":"Embedded","id":"/providers/Microsoft.PowerApps/apis/shared_sharepointonline","tier":"NotSpecified"}},"flowFailureAlertSubscribed":false,"isManaged":false}}