{"name":"2120c221-1300-4bd3-b028-c20dc543c60c","id":"/providers/Microsoft.Flow/flows/2120c221-1300-4bd3-b028-c20dc543c60c","type":"Microsoft.Flow/flows","properties":{"apiId":"/providers/Microsoft.PowerApps/apis/shared_logicflows","displayName":"Create list item & notifications from DSR form response","definition":{"metadata":{"workflowEntityId":null,"processAdvisorMetadata":null,"flowclientsuspensionreason":"None","flowclientsuspensiontime":null,"creator":{"id":"fe865f05-f413-4ea8-b04c-05a10538d837","type":"User","tenantId":"08de8628-593e-43f5-9ceb-f3e5dd7ae2cb"},"provisioningMethod":"FromDefinition","failureAlertSubscription":true,"clientLastModifiedTime":"2022-07-06T18:16:47.5861848Z"},"$schema":"https://schema.management.azure.com/providers/Microsoft.Logic/schemas/2016-06-01/workflowdefinition.json#","contentVersion":"1.0.0.0","parameters":{"$connections":{"defaultValue":{},"type":"Object"},"$authentication":{"defaultValue":{},"type":"SecureObject"}},"triggers":{"When_a_new_response_is_submitted":{"splitOn":"@triggerOutputs()?['body/value']","metadata":{"operationMetadataId":"a5259e61-4f65-44f1-ae5b-3ad6f6ad1c18"},"type":"OpenApiConnectionWebhook","inputs":{"host":{"apiId":"/providers/Microsoft.PowerApps/apis/shared_microsoftforms","connectionName":"shared_microsoftforms","operationId":"CreateFormWebhook"},"parameters":{"form_id":"KIbeCD5Z9UOc6_Pl3XriywVfhv4T9KhOsEwFoQU42DdUM0ZJRjQzTjRDWTdTNVM1Vk4wUzlZSjRWNy4u"},"authentication":"@parameters('$authentication')"}}},"actions":{"Get_response_details":{"runAfter":{},"metadata":{"operationMetadataId":"e4185da5-a472-4202-ad1c-7829360fa1f5"},"type":"OpenApiConnection","inputs":{"host":{"apiId":"/providers/Microsoft.PowerApps/apis/shared_microsoftforms","connectionName":"shared_microsoftforms","operationId":"GetFormResponseById"},"parameters":{"form_id":"KIbeCD5Z9UOc6_Pl3XriywVfhv4T9KhOsEwFoQU42DdUM0ZJRjQzTjRDWTdTNVM1Vk4wUzlZSjRWNy4u","response_id":"@triggerOutputs()?['body/resourceData/responseId']"},"authentication":"@parameters('$authentication')"}},"Create_item":{"runAfter":{"Get_response_details":["Succeeded"]},"metadata":{"operationMetadataId":"60771039-d783-47e9-b6e0-bac32b2e64ab"},"type":"OpenApiConnection","inputs":{"host":{"apiId":"/providers/Microsoft.PowerApps/apis/shared_sharepointonline","connectionName":"shared_sharepointonline","operationId":"PostItem"},"parameters":{"dataset":"https://mercycorpsorg.sharepoint.com/sites/DataProtectionAndPrivacy","table":"6513abb2-518f-40c7-8e24-db4b2264710e","item/Title":"@outputs('Get_response_details')?['body/r5c337883bc5841189c95dbb80033c605']","item/field_1":"@outputs('Get_response_details')?['body/ree1a969643d84b4fa73637b7f187b593']","item/field_2":"@outputs('Get_response_details')?['body/rccd72c1f15af414e822eab91219db868']","item/field_3":"@outputs('Get_response_details')?['body/r140b6d380b9f48b28302305c84e8a0b2']","item/field_4/Value":"New","item/field_5":"@outputs('Get_response_details')?['body/submitDate']"},"authentication":"@parameters('$authentication')"}},"Send_an_email_(V2)":{"runAfter":{"Get_response_details":["Succeeded"]},"metadata":{"operationMetadataId":"99416130-0622-4289-a527-4aded6670daf"},"type":"OpenApiConnection","inputs":{"host":{"apiId":"/providers/Microsoft.PowerApps/apis/shared_office365","connectionName":"shared_office365","operationId":"SendEmailV2"},"parameters":{"emailMessage/To":"@outputs('Get_response_details')?['body/rccd72c1f15af414e822eab91219db868']","emailMessage/Subject":"Your request has been received.","emailMessage/Body":"<p>@{outputs('Get_response_details')?['body/r5c337883bc5841189c95dbb80033c605']},<br>\n<br>\nThe Data Protection &amp; Privacy team at Mercy Corps has received your request. We will circulate this request to all data system owners with intructions to comply. Once we have recieved confirmation that your request is completed we will follow-up with you to confirm.<br>\n<br>\nwarm regards,<br>\n<span style=\"color: rgb(71,85,119)\"><strong>DATA PROTECTION &amp; PRIVACY TEAM</strong></span><br>\n<span style=\"color: rgb(226,80,65)\"><strong>MERCY CORPS</strong></span><br>\n45 SW Ankeny St. | Portland OR 97204 | USA</p>","emailMessage/From":"dataprotection@mercycorps.org"},"authentication":"@parameters('$authentication')"}},"Send_an_email_(V2)_2":{"runAfter":{"Get_response_details":["Succeeded"]},"metadata":{"operationMetadataId":"4c610de1-2c6d-4336-a8d8-4a137439b44d"},"type":"OpenApiConnection","inputs":{"host":{"apiId":"/providers/Microsoft.PowerApps/apis/shared_office365","connectionName":"shared_office365","operationId":"SendEmailV2"},"parameters":{"emailMessage/To":"shroberts@mercycorps.org","emailMessage/Subject":"New DSR: update status","emailMessage/Body":"<p>There is a new DSR from @{outputs('Get_response_details')?['body/r5c337883bc5841189c95dbb80033c605']}. Please check the request in <a href=\"https://mercycorpsorg.sharepoint.com/:l:/s/DataProtectionAndPrivacy/FLKrE2WPUcdAjiTbSyJkcQ4BuPXBbLZp8QDDgWNCvx5Vrg?e=8r6l8n\">the DSR SharePoint list</a> &nbsp;and update the Status field to In progress to trigger a notice to all system holders.</p>","emailMessage/Importance":"High"},"authentication":"@parameters('$authentication')"}},"Post_message_in_a_chat_or_channel":{"runAfter":{"Send_an_email_(V2)_2":["Succeeded"]},"metadata":{"operationMetadataId":"3340c205-68f9-4a36-a348-1356f56f25ee"},"type":"OpenApiConnection","inputs":{"host":{"apiId":"/providers/Microsoft.PowerApps/apis/shared_teams","connectionName":"shared_teams","operationId":"PostMessageToConversation"},"parameters":{"poster":"Flow bot","location":"Chat with Flow bot","body/recipient":"shroberts@mercycorps.org;","body/messageBody":"<p>There is a new DSR from @{outputs('Get_response_details')?['body/r5c337883bc5841189c95dbb80033c605']}. Please check the request in the DSR SharePoint list &nbsp;and update the Status field to In progress to trigger a notice to all system holders.</p>"},"authentication":"@parameters('$authentication')"}}},"description":"This flow completes 3 actions when a user fills out a the Data Subject Request form : \n1. Creates a new list item using input data. \n2. Sends confirmation email to user that form has been filled out and that we will follow-up. \n3. Sends notification email to me that I need to check the Sharepoint list and update status of new item to \"In progress\" (which will trigger next flow)."},"connectionReferences":{"shared_microsoftforms":{"connectionName":"shared-microsoftform-f707aeb5-bf3e-4092-ba00-8f9d32a3c892","source":"Embedded","id":"/providers/Microsoft.PowerApps/apis/shared_microsoftforms","tier":"NotSpecified"},"shared_sharepointonline":{"connectionName":"shared-sharepointonl-9b803c7c-01f6-4e63-9ea9-b8244d8c3a3f","source":"Embedded","id":"/providers/Microsoft.PowerApps/apis/shared_sharepointonline","tier":"NotSpecified"},"shared_office365":{"connectionName":"shared-office365-6fcb989a-0cac-490d-8d87-276e6aa05c40","source":"Embedded","id":"/providers/Microsoft.PowerApps/apis/shared_office365","tier":"NotSpecified"},"shared_teams":{"connectionName":"shared-teams-c6433a0b-8577-4284-9dc2-9f3e930fb6b7","source":"Embedded","id":"/providers/Microsoft.PowerApps/apis/shared_teams","tier":"NotSpecified"}},"flowFailureAlertSubscribed":false,"isManaged":false}}