{"name":"f30f727c-cbd7-43ce-8729-837382a692bd","id":"/providers/Microsoft.Flow/flows/f30f727c-cbd7-43ce-8729-837382a692bd","type":"Microsoft.Flow/flows","properties":{"apiId":"/providers/Microsoft.PowerApps/apis/shared_logicflows","displayName":"DSR Step 2: alternate approval list item changes status to 'In Progress'","definition":{"metadata":{"workflowEntityId":null,"processAdvisorMetadata":null,"flowclientsuspensionreason":"None","flowclientsuspensiontime":null,"flowclientsuspensionreasondetails":null,"creator":{"id":"fe865f05-f413-4ea8-b04c-05a10538d837","type":"User","tenantId":"08de8628-593e-43f5-9ceb-f3e5dd7ae2cb"},"provisioningMethod":"FromDefinition","failureAlertSubscription":true,"clientLastModifiedTime":"2022-09-23T21:32:15.7872163Z"},"$schema":"https://schema.management.azure.com/providers/Microsoft.Logic/schemas/2016-06-01/workflowdefinition.json#","contentVersion":"1.0.0.0","parameters":{"$connections":{"defaultValue":{},"type":"Object"},"$authentication":{"defaultValue":{},"type":"SecureObject"}},"triggers":{"When_an_item_is_created_or_modified":{"recurrence":{"frequency":"Minute","interval":5},"splitOn":"@triggerBody()?['value']","metadata":{"flowSystemMetadata":{"swaggerOperationId":"GetOnUpdatedItems"},"operationMetadataId":"6e2aeaac-ea8b-4d5b-95b5-c07fa143cac8"},"type":"ApiConnection","inputs":{"host":{"connection":{"name":"@parameters('$connections')['shared_sharepointonline']['connectionId']"},"api":{"runtimeUrl":"https://flow-apim-msmanaged-na-westus2-01.azure-apim.net/apim/sharepointonline"}},"method":"get","path":"/datasets/@{encodeURIComponent(encodeURIComponent('https://mercycorpsorg.sharepoint.com/sites/DataProtectionAndPrivacy'))}/tables/@{encodeURIComponent(encodeURIComponent('6513abb2-518f-40c7-8e24-db4b2264710e'))}/onupdateditems","authentication":"@parameters('$authentication')"}}},"actions":{"Condition1_-_First_approver":{"actions":{"Switch":{"runAfter":{"Start_and_wait_for_an_approval":["Succeeded"]},"cases":{"Case":{"case":"Not in system.","actions":{"Update_item":{"runAfter":{},"metadata":{"flowSystemMetadata":{"swaggerOperationId":"PatchItem"}},"type":"ApiConnection","inputs":{"host":{"connection":{"name":"@parameters('$connections')['shared_sharepointonline']['connectionId']"},"api":{"runtimeUrl":"https://flow-apim-msmanaged-na-westus2-01.azure-apim.net/apim/sharepointonline"}},"method":"patch","body":{"field_4":{"Value":"In Progress"},"field_7":{"Value":"Subject not found in system."}},"path":"/datasets/@{encodeURIComponent(encodeURIComponent('https://mercycorpsorg.sharepoint.com/sites/DataProtectionAndPrivacy'))}/tables/@{encodeURIComponent(encodeURIComponent('6513abb2-518f-40c7-8e24-db4b2264710e'))}/items/@{encodeURIComponent(triggerBody()?['ID'])}","authentication":"@parameters('$authentication')"}}}},"Case_2":{"case":"Deleted from system.","actions":{"Update_item_2":{"runAfter":{},"metadata":{"flowSystemMetadata":{"swaggerOperationId":"PatchItem"}},"type":"ApiConnection","inputs":{"host":{"connection":{"name":"@parameters('$connections')['shared_sharepointonline']['connectionId']"},"api":{"runtimeUrl":"https://flow-apim-msmanaged-na-westus2-01.azure-apim.net/apim/sharepointonline"}},"method":"patch","body":{"field_4":{"Value":"In Progress"},"field_7":{"Value":"Subject found and deleted."}},"path":"/datasets/@{encodeURIComponent(encodeURIComponent('https://mercycorpsorg.sharepoint.com/sites/DataProtectionAndPrivacy'))}/tables/@{encodeURIComponent(encodeURIComponent('6513abb2-518f-40c7-8e24-db4b2264710e'))}/items/@{encodeURIComponent(triggerBody()?['ID'])}","authentication":"@parameters('$authentication')"}}}},"Case_3":{"case":"Not deleted, but not shared. ","actions":{"Update_item_4":{"runAfter":{},"metadata":{"flowSystemMetadata":{"swaggerOperationId":"PatchItem"}},"type":"ApiConnection","inputs":{"host":{"connection":{"name":"@parameters('$connections')['shared_sharepointonline']['connectionId']"},"api":{"runtimeUrl":"https://flow-apim-msmanaged-na-westus2-01.azure-apim.net/apim/sharepointonline"}},"method":"patch","body":{"field_4":{"Value":"In Progress"},"field_7":{"Value":"Subject found, not deleted, but not shared."}},"path":"/datasets/@{encodeURIComponent(encodeURIComponent('https://mercycorpsorg.sharepoint.com/sites/DataProtectionAndPrivacy'))}/tables/@{encodeURIComponent(encodeURIComponent('6513abb2-518f-40c7-8e24-db4b2264710e'))}/items/@{encodeURIComponent(triggerBody()?['ID'])}","authentication":"@parameters('$authentication')"}}}}},"default":{"actions":{"Terminate_2":{"runAfter":{},"type":"Terminate","inputs":{"runStatus":"Failed","runError":{"message":"No matching value. "}}}}},"expression":"@body('Start_and_wait_for_an_approval')?['outcome']","metadata":{"operationMetadataId":"c2521c80-db33-48c0-bd97-b44d7bed1ac0"},"type":"Switch"},"Start_and_wait_for_an_approval":{"runAfter":{},"metadata":{"operationMetadataId":"1fc78fd3-e3b7-4e2b-bf8d-30cef184d3b3","flowSystemMetadata":{"swaggerOperationId":"StartAndWaitForAnApproval"}},"type":"ApiConnectionWebhook","inputs":{"host":{"connection":{"name":"@parameters('$connections')['shared_approvals']['connectionId']"},"api":{"runtimeUrl":"https://flow-apim-msmanaged-na-westus-01.azure-apim.net/apim/approvals"}},"body":{"notificationUrl":"@{listCallbackUrl()}","responseOptions":["Not in system.","Deleted from system.","Not deleted, but not shared. "],"title":"Please comply with new data subject's request. ","assignedTo":"shroberts@mercycorps.org;","details":"You have a new data subject request from: \n- **Name:** @{triggerBody()?['Title']}\n- **Address (if provided):** @{triggerBody()?['field_1']} \n- **Contact:** @{triggerBody()?['field_2']} \n- **Country of Citizenship:** @{triggerBody()?['CountryofCitizenship']}\n- **Request:** @{triggerBody()?['field_3']}\n\nPlease select how you complied with the request: ","itemLink":"@{triggerBody()?['ID']}","itemLinkDescription":"List of Data Subject Requests","enableNotifications":true,"enableReassignment":true},"path":"/types/@{encodeURIComponent('CustomResponse')}/subscriptions","authentication":"@parameters('$authentication')"}}},"runAfter":{},"else":{"actions":{"Terminate":{"runAfter":{},"metadata":{"operationMetadataId":"c19e5fe3-cb52-4981-a522-5449a92c3ad7"},"type":"Terminate","inputs":{"runStatus":"Cancelled"}}}},"expression":"@equals(triggerBody()?['field_4']?['Value'], 'Approved')","metadata":{"operationMetadataId":"a13b022f-3a40-4725-8223-722fa94e6af4"},"type":"If"},"Condition_2_-_Second_approver":{"actions":{"Start_and_wait_for_an_approval_2":{"runAfter":{},"metadata":{"operationMetadataId":"3599a2f5-7988-4445-a9a3-4bef9536cda8","flowSystemMetadata":{"swaggerOperationId":"StartAndWaitForAnApproval"}},"type":"ApiConnectionWebhook","inputs":{"host":{"connection":{"name":"@parameters('$connections')['shared_approvals']['connectionId']"},"api":{"runtimeUrl":"https://flow-apim-msmanaged-na-westus-01.azure-apim.net/apim/approvals"}},"body":{"notificationUrl":"@{listCallbackUrl()}","responseOptions":["Not in system.","Deleted from system.","Not deleted, but not shared. "],"title":"Please comply with new data subject's request. ","assignedTo":"tzhanadylov@mercycorps.org;","details":"You have a new data subject request from: \n- **Name:** @{triggerBody()?['Title']}\n- **Address (if provided):** @{triggerBody()?['field_1']} \n- **Contact:** @{triggerBody()?['field_2']} \n- **Country of Citizenship:** @{triggerBody()?['CountryofCitizenship']}\n- **Request:** @{triggerBody()?['field_3']}\n\nPlease select how you complied with the request: ","itemLink":"@{triggerBody()?['ID']}","enableNotifications":true,"enableReassignment":true},"path":"/types/@{encodeURIComponent('CustomResponse')}/subscriptions","authentication":"@parameters('$authentication')"}},"Switch_3":{"runAfter":{"Start_and_wait_for_an_approval_2":["Succeeded"]},"cases":{"Case":{"case":"Not in system.","actions":{"Update_item_7":{"runAfter":{},"metadata":{"flowSystemMetadata":{"swaggerOperationId":"PatchItem"}},"type":"ApiConnection","inputs":{"host":{"connection":{"name":"@parameters('$connections')['shared_sharepointonline']['connectionId']"},"api":{"runtimeUrl":"https://flow-apim-msmanaged-na-westus2-01.azure-apim.net/apim/sharepointonline"}},"method":"patch","body":{"field_4":{"Value":"In Progress"},"field_8":{"Value":"Subject not found in system."}},"path":"/datasets/@{encodeURIComponent(encodeURIComponent('https://mercycorpsorg.sharepoint.com/sites/DataProtectionAndPrivacy'))}/tables/@{encodeURIComponent(encodeURIComponent('6513abb2-518f-40c7-8e24-db4b2264710e'))}/items/@{encodeURIComponent(triggerBody()?['ID'])}","authentication":"@parameters('$authentication')"}}}},"Case_2":{"case":"Deleted from system.","actions":{"Update_item_8":{"runAfter":{},"metadata":{"flowSystemMetadata":{"swaggerOperationId":"PatchItem"}},"type":"ApiConnection","inputs":{"host":{"connection":{"name":"@parameters('$connections')['shared_sharepointonline']['connectionId']"},"api":{"runtimeUrl":"https://flow-apim-msmanaged-na-westus2-01.azure-apim.net/apim/sharepointonline"}},"method":"patch","body":{"field_4":{"Value":"In Progress"},"field_8":{"Value":"Subject found and deleted."}},"path":"/datasets/@{encodeURIComponent(encodeURIComponent('https://mercycorpsorg.sharepoint.com/sites/DataProtectionAndPrivacy'))}/tables/@{encodeURIComponent(encodeURIComponent('6513abb2-518f-40c7-8e24-db4b2264710e'))}/items/@{encodeURIComponent(triggerBody()?['ID'])}","authentication":"@parameters('$authentication')"}}}},"Case_3":{"case":"Not deleted, but not shared. ","actions":{"Update_item_9":{"runAfter":{},"metadata":{"flowSystemMetadata":{"swaggerOperationId":"PatchItem"}},"type":"ApiConnection","inputs":{"host":{"connection":{"name":"@parameters('$connections')['shared_sharepointonline']['connectionId']"},"api":{"runtimeUrl":"https://flow-apim-msmanaged-na-westus2-01.azure-apim.net/apim/sharepointonline"}},"method":"patch","body":{"field_4":{"Value":"In Progress"},"field_8":{"Value":"Subject found, not deleted, but not shared."}},"path":"/datasets/@{encodeURIComponent(encodeURIComponent('https://mercycorpsorg.sharepoint.com/sites/DataProtectionAndPrivacy'))}/tables/@{encodeURIComponent(encodeURIComponent('6513abb2-518f-40c7-8e24-db4b2264710e'))}/items/@{encodeURIComponent(triggerBody()?['ID'])}","authentication":"@parameters('$authentication')"}}}}},"default":{"actions":{}},"expression":"@body('Start_and_wait_for_an_approval_2')?['outcome']","metadata":{"operationMetadataId":"593579cf-37e4-430d-a3e0-1c4a07b8a71e"},"type":"Switch"}},"runAfter":{},"else":{"actions":{"Terminate_4":{"runAfter":{},"metadata":{"operationMetadataId":"34fb4744-c39d-487c-b885-4226b20ec30c"},"type":"Terminate","inputs":{"runStatus":"Cancelled"}}}},"expression":{"equals":["@triggerBody()?['field_4']?['Value']","Approved"]},"metadata":{"operationMetadataId":"985eab46-2259-4e04-85ff-00e7c44abfed"},"type":"If"}},"outputs":{},"description":"This flow completes 2 actions when the Status column in the data subject request list is changed from \"New\" to \"In Progress: 1. Sends approval email to specified address (system owner). This includes data subject name, contact info, country, and the request. 2. Changes appropriate status column in the list as an outcome of the approval."},"connectionReferences":{"shared_sharepointonline":{"connectionName":"shared-sharepointonl-9b803c7c-01f6-4e63-9ea9-b8244d8c3a3f","source":"Embedded","id":"/providers/Microsoft.PowerApps/apis/shared_sharepointonline","tier":"NotSpecified"},"shared_approvals":{"connectionName":"shared-approvals-06f32ff7-df71-4f2d-a738-488e9e73c97c","source":"Embedded","id":"/providers/Microsoft.PowerApps/apis/shared_approvals","tier":"NotSpecified"}},"flowFailureAlertSubscribed":false,"isManaged":false}}